[{
    "TranactionType": {
        "Id": 1,
        "Name": "Supply"
    },
    "Users": {
        "Email":"2@2.com", 
            "UserName":"2@2.com", 
            "Id":2
    },
    "GoodsInTransaction": {
        "Goods": {
            "Sizes": {
                "Id": 1,
                "Size": "40*60*20"
            },
            "TypeOfStorage": {
                "Id": 1,
                "Type": "Palette"
            },
            "Id": 1,
            "Name": "Salt",
            "Quantity": 10,
            "TypeOfStorageId": 1,
            "SizesId": 1,
            "Info": "1 good info"
        },
        "Transactions": {
            "TranactionType": {
                "Id": 2,
                "Name": "Order"
            },
            "Users": {
                "Email": "1@2.com",
                "UserName": "1@2.com",
                "Id": 1
            },
            "Description": "1st transaction",
            "TranactionTypeId": 2,
            "UserId": 1,
            "Date": "2016-05-30T00:00:00",
            "Id": 1
        },
        "Id": 1,
        "Quantity": 2,
        "TransactionsId": 1,
        "GoodsId": 1,

        "Goods": {
            "Sizes": {
                "Id": 1,
                "Size": "40*60*20"
            },
            "TypeOfStorage": {
                "Id": 1,
                "Type": "Palette"
            },
            "Id": 1,
            "Name": "Pepper",
            "Quantity": 5,
            "TypeOfStorageId": 1,
            "SizesId": 1,
            "Info": "2 info"
        },
        "Transactions": {
            "TranactionType": {
                "Id": 2,
                "Name": "Order"
            },
            "Users": {
                "Email": "1@2.com",
                "UserName": "1@2.com",
                "Id": 1
            },
            "Description": "1st transaction",
            "TranactionTypeId": 2,
            "UserId": 1,
            "Date": "2016-05-30T00:00:00",
            "Id": 1
        },
        "Id": 1,
        "Quantity": 2,
        "TransactionsId": 1,
        "GoodsId": 1
    },
    "Description":"66", 
        "TranactionTypeId":1, 
        "UserId":2,
        "Date":"2016-06-03T19:01:44",
        "Id": 10017
},
{
    "TranactionType": {
        "Id":2,
        "Name":"Order"
    },
    "Users": {
        "Email": "1@2.com",
        "UserName": "1@2.com",
        "Id": 1
    },
    "GoodsInTransaction": {
        "Goods": {
            "Sizes": {
                "Id": 1,
                "Size": "40*60*20"
            },
            "TypeOfStorage": {
                "Id": 1,
                "Type": "Palette"
            },
            "Id": 1,
            "Name": "Salt",
            "Quantity": 10,
            "TypeOfStorageId": 1,
            "SizesId": 1,
            "Info": "1 good info"
        },
        "Transactions": {
            "TranactionType": {
                "Id": 2,
                "Name": "Order"
            },
            "Users": {
                "Email": "1@2.com",
                "UserName": "1@2.com",
                "Id": 1
            },
            "Description": "1st transaction",
            "TranactionTypeId": 2,
            "UserId": 1,
            "Date": "2016-05-30T00:00:00",
            "Id": 1
        },
        "Id": 1,
        "Quantity": 2,
        "TransactionsId": 1,
        "GoodsId": 1,

        "Goods": {
            "Sizes": {
                "Id": 1,
                "Size": "40*60*20"
            },
            "TypeOfStorage": {
                "Id": 1,
                "Type": "Palette"
            },
            "Id": 1,
            "Name": "Pepper",
            "Quantity": 5,
            "TypeOfStorageId": 1,
            "SizesId": 1,
            "Info": "2 info"
        },
        "Transactions": {
            "TranactionType": {
                "Id": 2,
                "Name": "Order"
            },
            "Users": {
                "Email": "1@2.com",
                "UserName": "1@2.com",
                "Id": 1
            },
            "Description": "1st transaction",
            "TranactionTypeId": 2,
            "UserId": 1,
            "Date": "2016-05-30T00:00:00",
            "Id": 1
        },
        "Id": 1,
        "Quantity": 2,
        "TransactionsId": 1,
        "GoodsId": 1
    },
    "Description":"555", 
        "TranactionTypeId":2, 
        "UserId":1,
        "Date":"2016-06-05T19:37:30",
        "Id":10023
}]