[
    {
        "TranactionType":{
            "Id":1, 
            "Name":"Supply"
        }, 
        "Users":{
            "Email":"2@2.com", 
            "UserName":"2@2.com", 
            "Id":2
        }, 
        "Description":"66", 
        "TranactionTypeId":1, 
        "UserId":2,
        "Date":"2016-06-03T19:01:44",
        "Id":10017
    }, 
    {
        "TranactionType":{
            "Id":2,
            "Name":"Order"
        },
        "Users":{
            "Email":"1@2.com",
            "UserName":"1@2.com",
            "Id":1
        },
        "Description":"555", 
        "TranactionTypeId":2, 
        "UserId":1,
        "Date":"2016-06-05T19:37:30",
        "Id":10023
    }
]